"Girokonto";"DE00100100100000000001"
"Kontostand vom 30.06.2026:";"3.112,48 €"
""
"Buchungsdatum";"Wertstellung";"Status";"Zahlungspflichtige*r";"Zahlungsempfänger*in";"Verwendungszweck";"Umsatztyp";"IBAN";"Betrag (€)";"Gläubiger-ID";"Mandatsreferenz";"Kundenreferenz"
"29.06.2026";"29.06.2026";"Gebucht";"Max Mustermann";"LIDL SAGT DANKE";"";"Kartenzahlung";"";"-12,23";"";"";""
"28.06.2026";"28.06.2026";"Gebucht";"Musterfirma GmbH";"Max Mustermann";"Gehalt Juni 2026";"Eingang";"DE00100100109000000009";"2.850,00";"";"";""
"25.06.2026";"25.06.2026";"Gebucht";"Max Mustermann";"ALDI SUED SAGT DANKE";"";"Kartenzahlung";"";"-73,36";"";"";""
"21.06.2026";"21.06.2026";"Gebucht";"Max Mustermann";"Starbucks Coffee";"";"Kartenzahlung";"";"-26,77";"";"";""
"20.06.2026";"20.06.2026";"Gebucht";"Max Mustermann";"Telekom Deutschland GmbH";"Mobilfunk Rechnung";"Lastschrift";"DE00100100106000000006";"-29,95";"DE00ZZZ00000000004";"M-0004-01";""
"20.06.2026";"20.06.2026";"Gebucht";"Max Mustermann";"EDEKA Muenchen";"";"Kartenzahlung";"";"-89,76";"";"";""
"20.06.2026";"20.06.2026";"Gebucht";"Max Mustermann";"Rossmann";"";"Kartenzahlung";"";"-24,06";"";"";""
"18.06.2026";"18.06.2026";"Gebucht";"Max Mustermann";"Amazon EU S.a.r.l.";"Bestellung 302-4406855";"Lastschrift";"DE00100100110000000010";"-72,59";"";"";""
"17.06.2026";"17.06.2026";"Gebucht";"Max Mustermann";"REWE SAGT DANKE";"";"Kartenzahlung";"";"-45,46";"";"";""
"14.06.2026";"14.06.2026";"Gebucht";"Max Mustermann";"ARAL Station 4711";"";"Kartenzahlung";"";"-71,05";"";"";""
"13.06.2026";"13.06.2026";"Gebucht";"Max Mustermann";"LIDL SAGT DANKE";"";"Kartenzahlung";"";"-41,39";"";"";""
"12.06.2026";"12.06.2026";"Gebucht";"Max Mustermann";"Spotify AB";"Spotify Premium";"Lastschrift";"DE00100100104000000004";"-10,99";"DE00ZZZ00000000002";"M-0002-01";""
"12.06.2026";"12.06.2026";"Gebucht";"Max Mustermann";"Pizzeria Da Mario";"";"Kartenzahlung";"";"-45,20";"";"";""
"10.06.2026";"10.06.2026";"Gebucht";"Max Mustermann";"Schreinerei Kurz";"Rechnung 117 Regal";"Ueberweisung";"DE00100100161000000061";"-240,00";"";"";""
"09.06.2026";"09.06.2026";"Gebucht";"Max Mustermann";"ALDI SUED SAGT DANKE";"";"Kartenzahlung";"";"-56,14";"";"";""
"08.06.2026";"08.06.2026";"Gebucht";"Max Mustermann";"dm-drogerie markt";"";"Kartenzahlung";"";"-39,88";"";"";""
"05.06.2026";"05.06.2026";"Gebucht";"Max Mustermann";"Stadtwerke Muenchen";"Abschlag Strom";"Lastschrift";"DE00100100105000000005";"-85,00";"DE00ZZZ00000000003";"M-0003-01";""
"05.06.2026";"05.06.2026";"Gebucht";"Max Mustermann";"EDEKA Muenchen";"";"Kartenzahlung";"";"-94,06";"";"";""
"04.06.2026";"04.06.2026";"Gebucht";"Max Mustermann";"Starbucks Coffee";"";"Kartenzahlung";"";"-32,41";"";"";""
"04.06.2026";"04.06.2026";"Gebucht";"Max Mustermann";"Isar Apotheke";"";"Kartenzahlung";"";"-7,60";"";"";""
"03.06.2026";"03.06.2026";"Gebucht";"Max Mustermann";"Netflix International B.V.";"Netflix Mitgliedschaft";"Lastschrift";"DE00100100103000000003";"-12,99";"DE00ZZZ00000000001";"M-0001-01";""
"03.06.2026";"03.06.2026";"Gebucht";"Max Mustermann";"REWE SAGT DANKE";"";"Kartenzahlung";"";"-47,14";"";"";""
"02.06.2026";"02.06.2026";"Gebucht";"Max Mustermann";"FitX Deutschland GmbH";"Mitgliedsbeitrag Studio";"Lastschrift";"DE00100100107000000007";"-24,99";"DE00ZZZ00000000005";"M-0005-01";""
"01.06.2026";"01.06.2026";"Gebucht";"Max Mustermann";"Hausverwaltung Schmidt";"Miete Juni Musterstr. 1";"Dauerauftrag";"DE00100100102000000002";"-780,00";"";"";""
"01.06.2026";"01.06.2026";"Gebucht";"Max Mustermann";"MVG Muenchen";"Deutschlandticket";"Lastschrift";"DE00100100108000000008";"-58,00";"DE00ZZZ00000000006";"M-0006-01";""
"30.05.2026";"30.05.2026";"Gebucht";"Max Mustermann";"LIDL SAGT DANKE";"";"Kartenzahlung";"";"-14,20";"";"";""
"28.05.2026";"28.05.2026";"Gebucht";"Musterfirma GmbH";"Max Mustermann";"Gehalt Mai 2026";"Eingang";"DE00100100109000000009";"2.850,00";"";"";""
"26.05.2026";"26.05.2026";"Gebucht";"Erika Musterfrau";"Max Mustermann";"Rueckzahlung Konzertkarte";"Eingang";"DE00100100160000000060";"25,00";"";"";""
"24.05.2026";"24.05.2026";"Gebucht";"Max Mustermann";"ALDI SUED SAGT DANKE";"";"Kartenzahlung";"";"-37,27";"";"";""
"22.05.2026";"22.05.2026";"Gebucht";"Max Mustermann";"EDEKA Muenchen";"";"Kartenzahlung";"";"-22,06";"";"";""
"22.05.2026";"22.05.2026";"Gebucht";"Max Mustermann";"Cafe Glockenspiel";"";"Kartenzahlung";"";"-41,04";"";"";""
"20.05.2026";"20.05.2026";"Gebucht";"Max Mustermann";"Telekom Deutschland GmbH";"Mobilfunk Rechnung";"Lastschrift";"DE00100100106000000006";"-29,95";"DE00ZZZ00000000004";"M-0004-01";""
"20.05.2026";"20.05.2026";"Gebucht";"Max Mustermann";"Rossmann";"";"Kartenzahlung";"";"-13,88";"";"";""
"18.05.2026";"18.05.2026";"Gebucht";"Max Mustermann";"Amazon EU S.a.r.l.";"Bestellung 302-4405484";"Lastschrift";"DE00100100110000000010";"-52,59";"";"";""
"17.05.2026";"17.05.2026";"Gebucht";"Max Mustermann";"REWE SAGT DANKE";"";"Kartenzahlung";"";"-67,93";"";"";""
"15.05.2026";"15.05.2026";"Gebucht";"Max Mustermann";"Starbucks Coffee";"";"Kartenzahlung";"";"-5,22";"";"";""
"13.05.2026";"13.05.2026";"Gebucht";"Max Mustermann";"LIDL SAGT DANKE";"";"Kartenzahlung";"";"-43,07";"";"";""
"12.05.2026";"12.05.2026";"Gebucht";"Max Mustermann";"Spotify AB";"Spotify Premium";"Lastschrift";"DE00100100104000000004";"-10,99";"DE00ZZZ00000000002";"M-0002-01";""
"10.05.2026";"10.05.2026";"Gebucht";"Max Mustermann";"ALDI SUED SAGT DANKE";"";"Kartenzahlung";"";"-24,62";"";"";""
"09.05.2026";"09.05.2026";"Gebucht";"Max Mustermann";"Zalando SE";"Bestellung 10240";"Lastschrift";"DE00100100158000000058";"-89,90";"DE00ZZZ00000000008";"M-0008-01";""
"06.05.2026";"06.05.2026";"Gebucht";"Max Mustermann";"dm-drogerie markt";"";"Kartenzahlung";"";"-29,83";"";"";""
"05.05.2026";"05.05.2026";"Gebucht";"Max Mustermann";"Stadtwerke Muenchen";"Abschlag Strom";"Lastschrift";"DE00100100105000000005";"-85,00";"DE00ZZZ00000000003";"M-0003-01";""
"04.05.2026";"04.05.2026";"Gebucht";"Max Mustermann";"EDEKA Muenchen";"";"Kartenzahlung";"";"-74,70";"";"";""
"04.05.2026";"04.05.2026";"Gebucht";"Max Mustermann";"Backwerk";"";"Kartenzahlung";"";"-47,03";"";"";""
"03.05.2026";"03.05.2026";"Gebucht";"Max Mustermann";"Netflix International B.V.";"Netflix Mitgliedschaft";"Lastschrift";"DE00100100103000000003";"-12,99";"DE00ZZZ00000000001";"M-0001-01";""
"02.05.2026";"02.05.2026";"Gebucht";"Max Mustermann";"FitX Deutschland GmbH";"Mitgliedsbeitrag Studio";"Lastschrift";"DE00100100107000000007";"-24,99";"DE00ZZZ00000000005";"M-0005-01";""
"01.05.2026";"01.05.2026";"Gebucht";"Max Mustermann";"Hausverwaltung Schmidt";"Miete Mai Musterstr. 1";"Dauerauftrag";"DE00100100102000000002";"-780,00";"";"";""
"01.05.2026";"01.05.2026";"Gebucht";"Max Mustermann";"MVG Muenchen";"Deutschlandticket";"Lastschrift";"DE00100100108000000008";"-58,00";"DE00ZZZ00000000006";"M-0006-01";""
"01.05.2026";"01.05.2026";"Gebucht";"Max Mustermann";"REWE SAGT DANKE";"";"Kartenzahlung";"";"-90,89";"";"";""
"29.04.2026";"29.04.2026";"Gebucht";"Max Mustermann";"LIDL SAGT DANKE";"";"Kartenzahlung";"";"-43,97";"";"";""
"28.04.2026";"28.04.2026";"Gebucht";"Musterfirma GmbH";"Max Mustermann";"Gehalt April 2026";"Eingang";"DE00100100109000000009";"2.850,00";"";"";""
"24.04.2026";"24.04.2026";"Gebucht";"Max Mustermann";"ALDI SUED SAGT DANKE";"";"Kartenzahlung";"";"-21,85";"";"";""
"23.04.2026";"23.04.2026";"Gebucht";"Max Mustermann";"Atelier Lindgruen";"";"Kartenzahlung";"";"-38,00";"";"";""
"20.04.2026";"20.04.2026";"Gebucht";"Max Mustermann";"Telekom Deutschland GmbH";"Mobilfunk Rechnung";"Lastschrift";"DE00100100106000000006";"-29,95";"DE00ZZZ00000000004";"M-0004-01";""
"20.04.2026";"20.04.2026";"Gebucht";"Max Mustermann";"Cafe Glockenspiel";"";"Kartenzahlung";"";"-22,14";"";"";""
"19.04.2026";"19.04.2026";"Gebucht";"Max Mustermann";"EDEKA Muenchen";"";"Kartenzahlung";"";"-52,87";"";"";""
"18.04.2026";"18.04.2026";"Gebucht";"Max Mustermann";"REWE SAGT DANKE";"";"Kartenzahlung";"";"-42,34";"";"";""
"18.04.2026";"18.04.2026";"Gebucht";"Max Mustermann";"Rossmann";"";"Kartenzahlung";"";"-19,58";"";"";""
"15.04.2026";"15.04.2026";"Gebucht";"Max Mustermann";"ARD ZDF Deutschlandradio Beitragsservice";"Rundfunkbeitrag 04.2026 - 06.2026";"Lastschrift";"DE00100100156000000056";"-55,08";"DE00ZZZ00000000007";"M-0007-01";""
"14.04.2026";"14.04.2026";"Gebucht";"Max Mustermann";"LIDL SAGT DANKE";"";"Kartenzahlung";"";"-91,42";"";"";""
"14.04.2026";"14.04.2026";"Gebucht";"Max Mustermann";"Amazon EU S.a.r.l.";"Bestellung 302-4404113";"Lastschrift";"DE00100100110000000010";"-58,27";"";"";""
"12.04.2026";"12.04.2026";"Gebucht";"Max Mustermann";"Spotify AB";"Spotify Premium";"Lastschrift";"DE00100100104000000004";"-10,99";"DE00ZZZ00000000002";"M-0002-01";""
"12.04.2026";"12.04.2026";"Gebucht";"Max Mustermann";"Starbucks Coffee";"";"Kartenzahlung";"";"-22,02";"";"";""
"12.04.2026";"12.04.2026";"Gebucht";"Max Mustermann";"ARAL Station 4711";"";"Kartenzahlung";"";"-61,34";"";"";""
"10.04.2026";"10.04.2026";"Gebucht";"Max Mustermann";"ALDI SUED SAGT DANKE";"";"Kartenzahlung";"";"-65,87";"";"";""
"06.04.2026";"06.04.2026";"Gebucht";"Max Mustermann";"dm-drogerie markt";"";"Kartenzahlung";"";"-22,77";"";"";""
"05.04.2026";"05.04.2026";"Gebucht";"Max Mustermann";"Stadtwerke Muenchen";"Abschlag Strom";"Lastschrift";"DE00100100105000000005";"-85,00";"DE00ZZZ00000000003";"M-0003-01";""
"04.04.2026";"04.04.2026";"Gebucht";"Max Mustermann";"EDEKA Muenchen";"";"Kartenzahlung";"";"-27,08";"";"";""
"04.04.2026";"04.04.2026";"Gebucht";"Max Mustermann";"Cafe Glockenspiel";"";"Kartenzahlung";"";"-29,85";"";"";""
"03.04.2026";"03.04.2026";"Gebucht";"Max Mustermann";"Netflix International B.V.";"Netflix Mitgliedschaft";"Lastschrift";"DE00100100103000000003";"-12,99";"DE00ZZZ00000000001";"M-0001-01";""
"02.04.2026";"02.04.2026";"Gebucht";"Max Mustermann";"FitX Deutschland GmbH";"Mitgliedsbeitrag Studio";"Lastschrift";"DE00100100107000000007";"-24,99";"DE00ZZZ00000000005";"M-0005-01";""
"02.04.2026";"02.04.2026";"Gebucht";"Max Mustermann";"REWE SAGT DANKE";"";"Kartenzahlung";"";"-94,18";"";"";""
"01.04.2026";"01.04.2026";"Gebucht";"Max Mustermann";"Hausverwaltung Schmidt";"Miete April Musterstr. 1";"Dauerauftrag";"DE00100100102000000002";"-780,00";"";"";""
"01.04.2026";"01.04.2026";"Gebucht";"Max Mustermann";"MVG Muenchen";"Deutschlandticket";"Lastschrift";"DE00100100108000000008";"-58,00";"DE00ZZZ00000000006";"M-0006-01";""
"29.03.2026";"29.03.2026";"Gebucht";"Max Mustermann";"LIDL SAGT DANKE";"";"Kartenzahlung";"";"-53,71";"";"";""
"28.03.2026";"28.03.2026";"Gebucht";"Musterfirma GmbH";"Max Mustermann";"Gehalt Maerz 2026";"Eingang";"DE00100100109000000009";"2.850,00";"";"";""
"27.03.2026";"27.03.2026";"Gebucht";"Max Mustermann";"";"Bargeldauszahlung GA NR 4711 Muenchen";"Kartenzahlung";"";"-100,00";"";"";""
"24.03.2026";"24.03.2026";"Gebucht";"Max Mustermann";"ALDI SUED SAGT DANKE";"";"Kartenzahlung";"";"-30,71";"";"";""
"20.03.2026";"20.03.2026";"Gebucht";"Max Mustermann";"Telekom Deutschland GmbH";"Mobilfunk Rechnung";"Lastschrift";"DE00100100106000000006";"-29,95";"DE00ZZZ00000000004";"M-0004-01";""
"20.03.2026";"20.03.2026";"Gebucht";"Max Mustermann";"EDEKA Muenchen";"";"Kartenzahlung";"";"-30,80";"";"";""
"20.03.2026";"20.03.2026";"Gebucht";"Max Mustermann";"Cafe Glockenspiel";"";"Kartenzahlung";"";"-7,03";"";"";""
"19.03.2026";"19.03.2026";"Gebucht";"Max Mustermann";"Rossmann";"";"Kartenzahlung";"";"-12,24";"";"";""
"19.03.2026";"19.03.2026";"Gebucht";"Amazon EU S.a.r.l.";"Max Mustermann";"Erstattung Bestellung 302-4402742";"Gutschrift";"DE00100100110000000010";"34,99";"";"";""
"18.03.2026";"18.03.2026";"Gebucht";"Max Mustermann";"Amazon EU S.a.r.l.";"Bestellung 302-4402742";"Lastschrift";"DE00100100110000000010";"-74,24";"";"";""
"17.03.2026";"17.03.2026";"Gebucht";"Max Mustermann";"REWE SAGT DANKE";"";"Kartenzahlung";"";"-64,91";"";"";""
"14.03.2026";"14.03.2026";"Gebucht";"Max Mustermann";"LIDL SAGT DANKE";"";"Kartenzahlung";"";"-16,86";"";"";""
"12.03.2026";"12.03.2026";"Gebucht";"Max Mustermann";"Spotify AB";"Spotify Premium";"Lastschrift";"DE00100100104000000004";"-10,99";"DE00ZZZ00000000002";"M-0002-01";""
"12.03.2026";"12.03.2026";"Gebucht";"Max Mustermann";"Backwerk";"";"Kartenzahlung";"";"-4,67";"";"";""
"11.03.2026";"11.03.2026";"Gebucht";"Max Mustermann";"Isar Apotheke";"";"Kartenzahlung";"";"-14,85";"";"";""
"10.03.2026";"10.03.2026";"Gebucht";"Max Mustermann";"ALDI SUED SAGT DANKE";"";"Kartenzahlung";"";"-71,81";"";"";""
"08.03.2026";"08.03.2026";"Gebucht";"Max Mustermann";"dm-drogerie markt";"";"Kartenzahlung";"";"-37,71";"";"";""
"07.03.2026";"07.03.2026";"Gebucht";"Max Mustermann";"Backwerk";"";"Kartenzahlung";"";"-7,92";"";"";""
"05.03.2026";"05.03.2026";"Gebucht";"Max Mustermann";"Stadtwerke Muenchen";"Abschlag Strom";"Lastschrift";"DE00100100105000000005";"-85,00";"DE00ZZZ00000000003";"M-0003-01";""
"05.03.2026";"05.03.2026";"Gebucht";"Max Mustermann";"EDEKA Muenchen";"";"Kartenzahlung";"";"-87,11";"";"";""
"03.03.2026";"03.03.2026";"Gebucht";"Max Mustermann";"Netflix International B.V.";"Netflix Mitgliedschaft";"Lastschrift";"DE00100100103000000003";"-12,99";"DE00ZZZ00000000001";"M-0001-01";""
"02.03.2026";"02.03.2026";"Gebucht";"Max Mustermann";"FitX Deutschland GmbH";"Mitgliedsbeitrag Studio";"Lastschrift";"DE00100100107000000007";"-24,99";"DE00ZZZ00000000005";"M-0005-01";""
"01.03.2026";"01.03.2026";"Gebucht";"Max Mustermann";"Hausverwaltung Schmidt";"Miete Maerz Musterstr. 1";"Dauerauftrag";"DE00100100102000000002";"-780,00";"";"";""
"01.03.2026";"01.03.2026";"Gebucht";"Max Mustermann";"MVG Muenchen";"Deutschlandticket";"Lastschrift";"DE00100100108000000008";"-58,00";"DE00ZZZ00000000006";"M-0006-01";""
"01.03.2026";"01.03.2026";"Gebucht";"Max Mustermann";"REWE SAGT DANKE";"";"Kartenzahlung";"";"-83,17";"";"";""
"28.02.2026";"28.02.2026";"Gebucht";"Musterfirma GmbH";"Max Mustermann";"Gehalt Februar 2026";"Eingang";"DE00100100109000000009";"2.850,00";"";"";""
"25.02.2026";"25.02.2026";"Gebucht";"Max Mustermann";"LIDL SAGT DANKE";"";"Kartenzahlung";"";"-56,98";"";"";""
"22.02.2026";"22.02.2026";"Gebucht";"Max Mustermann";"ALDI SUED SAGT DANKE";"";"Kartenzahlung";"";"-72,30";"";"";""
"22.02.2026";"22.02.2026";"Gebucht";"Max Mustermann";"Cafe Glockenspiel";"";"Kartenzahlung";"";"-18,31";"";"";""
"21.02.2026";"21.02.2026";"Gebucht";"Max Mustermann";"H&M";"";"Kartenzahlung";"";"-49,98";"";"";""
"20.02.2026";"20.02.2026";"Gebucht";"Max Mustermann";"Telekom Deutschland GmbH";"Mobilfunk Rechnung";"Lastschrift";"DE00100100106000000006";"-29,95";"DE00ZZZ00000000004";"M-0004-01";""
"19.02.2026";"19.02.2026";"Gebucht";"Max Mustermann";"Rossmann";"";"Kartenzahlung";"";"-23,52";"";"";""
"18.02.2026";"18.02.2026";"Gebucht";"Max Mustermann";"EDEKA Muenchen";"";"Kartenzahlung";"";"-80,73";"";"";""
"15.02.2026";"15.02.2026";"Gebucht";"Max Mustermann";"REWE SAGT DANKE";"";"Kartenzahlung";"";"-51,19";"";"";""
"14.02.2026";"14.02.2026";"Gebucht";"Max Mustermann";"Amazon EU S.a.r.l.";"Bestellung 302-4401371";"Lastschrift";"DE00100100110000000010";"-78,62";"";"";""
"13.02.2026";"13.02.2026";"Gebucht";"Max Mustermann";"LIDL SAGT DANKE";"";"Kartenzahlung";"";"-8,34";"";"";""
"13.02.2026";"13.02.2026";"Gebucht";"Max Mustermann";"Pizzeria Da Mario";"";"Kartenzahlung";"";"-26,67";"";"";""
"12.02.2026";"12.02.2026";"Gebucht";"Max Mustermann";"Spotify AB";"Spotify Premium";"Lastschrift";"DE00100100104000000004";"-10,99";"DE00ZZZ00000000002";"M-0002-01";""
"10.02.2026";"10.02.2026";"Gebucht";"Max Mustermann";"ARAL Station 4711";"";"Kartenzahlung";"";"-49,40";"";"";""
"09.02.2026";"09.02.2026";"Gebucht";"Max Mustermann";"ALDI SUED SAGT DANKE";"";"Kartenzahlung";"";"-67,46";"";"";""
"09.02.2026";"09.02.2026";"Gebucht";"Max Mustermann";"dm-drogerie markt";"";"Kartenzahlung";"";"-37,33";"";"";""
"07.02.2026";"07.02.2026";"Gebucht";"Max Mustermann";"Kiosk am Ring";"";"Kartenzahlung";"";"-6,40";"";"";""
"06.02.2026";"06.02.2026";"Gebucht";"Max Mustermann";"EDEKA Muenchen";"";"Kartenzahlung";"";"-58,84";"";"";""
"05.02.2026";"05.02.2026";"Gebucht";"Max Mustermann";"Stadtwerke Muenchen";"Abschlag Strom";"Lastschrift";"DE00100100105000000005";"-85,00";"DE00ZZZ00000000003";"M-0003-01";""
"04.02.2026";"04.02.2026";"Gebucht";"Max Mustermann";"Starbucks Coffee";"";"Kartenzahlung";"";"-43,34";"";"";""
"03.02.2026";"03.02.2026";"Gebucht";"Max Mustermann";"Netflix International B.V.";"Netflix Mitgliedschaft";"Lastschrift";"DE00100100103000000003";"-12,99";"DE00ZZZ00000000001";"M-0001-01";""
"02.02.2026";"02.02.2026";"Gebucht";"Max Mustermann";"FitX Deutschland GmbH";"Mitgliedsbeitrag Studio";"Lastschrift";"DE00100100107000000007";"-24,99";"DE00ZZZ00000000005";"M-0005-01";""
"02.02.2026";"02.02.2026";"Gebucht";"Max Mustermann";"REWE SAGT DANKE";"";"Kartenzahlung";"";"-43,98";"";"";""
"01.02.2026";"01.02.2026";"Gebucht";"Max Mustermann";"Hausverwaltung Schmidt";"Miete Februar Musterstr. 1";"Dauerauftrag";"DE00100100102000000002";"-780,00";"";"";""
"01.02.2026";"01.02.2026";"Gebucht";"Max Mustermann";"MVG Muenchen";"Deutschlandticket";"Lastschrift";"DE00100100108000000008";"-58,00";"DE00ZZZ00000000006";"M-0006-01";""
"28.01.2026";"28.01.2026";"Gebucht";"Musterfirma GmbH";"Max Mustermann";"Gehalt Januar 2026";"Eingang";"DE00100100109000000009";"2.850,00";"";"";""
"28.01.2026";"28.01.2026";"Gebucht";"Max Mustermann";"LIDL SAGT DANKE";"";"Kartenzahlung";"";"-19,33";"";"";""
"24.01.2026";"24.01.2026";"Gebucht";"Max Mustermann";"ALDI SUED SAGT DANKE";"";"Kartenzahlung";"";"-73,52";"";"";""
"21.01.2026";"21.01.2026";"Gebucht";"Max Mustermann";"EDEKA Muenchen";"";"Kartenzahlung";"";"-84,14";"";"";""
"21.01.2026";"21.01.2026";"Gebucht";"Max Mustermann";"Backwerk";"";"Kartenzahlung";"";"-6,75";"";"";""
"20.01.2026";"20.01.2026";"Gebucht";"Max Mustermann";"Telekom Deutschland GmbH";"Mobilfunk Rechnung";"Lastschrift";"DE00100100106000000006";"-29,95";"DE00ZZZ00000000004";"M-0004-01";""
"18.01.2026";"18.01.2026";"Gebucht";"Max Mustermann";"Rossmann";"";"Kartenzahlung";"";"-34,40";"";"";""
"17.01.2026";"17.01.2026";"Gebucht";"Max Mustermann";"Amazon EU S.a.r.l.";"Bestellung 302-4400000";"Lastschrift";"DE00100100110000000010";"-27,13";"";"";""
"16.01.2026";"16.01.2026";"Gebucht";"Max Mustermann";"REWE SAGT DANKE";"";"Kartenzahlung";"";"-46,90";"";"";""
"15.01.2026";"15.01.2026";"Gebucht";"Max Mustermann";"ARD ZDF Deutschlandradio Beitragsservice";"Rundfunkbeitrag 01.2026 - 03.2026";"Lastschrift";"DE00100100156000000056";"-55,08";"DE00ZZZ00000000007";"M-0007-01";""
"14.01.2026";"14.01.2026";"Gebucht";"Max Mustermann";"Starbucks Coffee";"";"Kartenzahlung";"";"-26,14";"";"";""
"12.01.2026";"12.01.2026";"Gebucht";"Max Mustermann";"Spotify AB";"Spotify Premium";"Lastschrift";"DE00100100104000000004";"-10,99";"DE00ZZZ00000000002";"M-0002-01";""
"12.01.2026";"12.01.2026";"Gebucht";"Max Mustermann";"LIDL SAGT DANKE";"";"Kartenzahlung";"";"-36,00";"";"";""
"08.01.2026";"08.01.2026";"Gebucht";"Max Mustermann";"ALDI SUED SAGT DANKE";"";"Kartenzahlung";"";"-19,48";"";"";""
"06.01.2026";"06.01.2026";"Gebucht";"Max Mustermann";"EDEKA Muenchen";"";"Kartenzahlung";"";"-94,57";"";"";""
"06.01.2026";"06.01.2026";"Gebucht";"Max Mustermann";"dm-drogerie markt";"";"Kartenzahlung";"";"-30,50";"";"";""
"06.01.2026";"06.01.2026";"Gebucht";"Max Mustermann";"Pizzeria Da Mario";"";"Kartenzahlung";"";"-10,76";"";"";""
"05.01.2026";"05.01.2026";"Gebucht";"Max Mustermann";"Stadtwerke Muenchen";"Abschlag Strom";"Lastschrift";"DE00100100105000000005";"-85,00";"DE00ZZZ00000000003";"M-0003-01";""
"03.01.2026";"03.01.2026";"Gebucht";"Max Mustermann";"Netflix International B.V.";"Netflix Mitgliedschaft";"Lastschrift";"DE00100100103000000003";"-12,99";"DE00ZZZ00000000001";"M-0001-01";""
"02.01.2026";"02.01.2026";"Gebucht";"Max Mustermann";"FitX Deutschland GmbH";"Mitgliedsbeitrag Studio";"Lastschrift";"DE00100100107000000007";"-24,99";"DE00ZZZ00000000005";"M-0005-01";""
"01.01.2026";"01.01.2026";"Gebucht";"Max Mustermann";"Hausverwaltung Schmidt";"Miete Januar Musterstr. 1";"Dauerauftrag";"DE00100100102000000002";"-780,00";"";"";""
"01.01.2026";"01.01.2026";"Gebucht";"Max Mustermann";"MVG Muenchen";"Deutschlandticket";"Lastschrift";"DE00100100108000000008";"-58,00";"DE00ZZZ00000000006";"M-0006-01";""
"01.01.2026";"01.01.2026";"Gebucht";"Max Mustermann";"REWE SAGT DANKE";"";"Kartenzahlung";"";"-94,01";"";"";""
