"Girokonto";"DE12500105170648489890"
"Kontostand vom 30.06.2026:";"2.345,67 €"
""
"Buchungsdatum";"Wertstellung";"Status";"Zahlungspflichtige*r";"Zahlungsempfänger*in";"Verwendungszweck";"Umsatztyp";"IBAN";"Betrag (€)";"Gläubiger-ID";"Mandatsreferenz";"Kundenreferenz"
"02.01.2026";"02.01.2026";"Gebucht";"Max Mustermann";"REWE SAGT DANKE";"NR12345 Einkauf";"Kartenzahlung";"DE12500105170648489890";"-133,72";"";"";""
"03.01.26";"03.01.26";"Gebucht";"Max Mustermann";"Netflix International B.V.";"Netflix Mitgliedschaft 123456";"Lastschrift";"NL91ABNA0417164300";"-12,99";"NL12ZZZ123456780000";"M-123";""
"05.01.2026";"05.01.2026";"Gebucht";"Musterfirma GmbH";"Max Mustermann";"Gehalt Januar 2026";"Eingang";"DE89370400440532013000";"2.850,00";"";"";""
"06.01.2026";"06.01.2026";"Gebucht";"Max Mustermann";"Hausverwaltung Schmidt";"Miete Januar Musterstr. 1";"Dauerauftrag";"DE02120300000000202051";"-780,00";"";"";""
"07.01.2026";"07.01.2026";"Vorgemerkt";"Max Mustermann";"ALDI SUED SAGT DANKE";"";"Kartenzahlung";"";"-23,45";"";"";""
"08.01.2026";"08.01.2026";"Gebucht";"Max Mustermann";"";"";"Kartenzahlung";"";"abc";"";"";""
